{
    "$schema": "https://schema.management.azure.com/schemas/2015-01-01/deploymentTemplate.json#",
    "contentVersion": "1.0.0.0",
    "parameters": {
        "storageAccounts_samplelinkedin_name": {
            "defaultValue": "samplelinkedin",
            "type": "String"
        },
        "accounts_SampleVisionService_name": {
            "defaultValue": "SampleVisionService",
            "type": "String"
        }
    },
    "variables": {},
    "resources": [
        {
            "type": "Microsoft.CognitiveServices/accounts",
            "sku": {
                "name": "F0"
            },
            "kind": "ComputerVision",
            "name": "[parameters('accounts_SampleVisionService_name')]",
            "apiVersion": "2016-02-01-preview",
            "location": "northeurope",
            "scale": null,
            "properties": {},
            "dependsOn": []
        },
        {
            "type": "Microsoft.Storage/storageAccounts",
            "sku": {
                "name": "Standard_RAGRS",
                "tier": "Standard"
            },
            "kind": "StorageV2",
            "name": "[parameters('storageAccounts_samplelinkedin_name')]",
            "apiVersion": "2018-07-01",
            "location": "northeurope",
            "tags": {},
            "scale": null,
            "properties": {
                "networkAcls": {
                    "bypass": "AzureServices",
                    "virtualNetworkRules": [],
                    "ipRules": [],
                    "defaultAction": "Allow"
                },
                "supportsHttpsTrafficOnly": true,
                "encryption": {
                    "services": {
                        "file": {
                            "enabled": true
                        },
                        "blob": {
                            "enabled": true
                        }
                    },
                    "keySource": "Microsoft.Storage"
                },
                "accessTier": "Hot"
            },
            "dependsOn": []
        }
    ]
}